EAN|Stock
 20002|354
0000000000628|0
0000000002349|1
0000000002356|0
0000000003025|0
0000000003131|0
0000000003254|0
0000000003278|0
0000000004671|0
0000000004732|0
0000000005777|0
0000000008921|0
0000000009041|2500
0000000009317|0
0000000009508|0
0000000009942|0
0000000010054|0
0000000010160|0
0000000010177|0
0000000010429|0
0000000012393|0
0000000012645|0
0000000012652|0
0000000013086|1
0000000013093|4
0000000013109|1
0000000013130|1
0000000013321|1
0000000013345|0
0000000013918|0
0000000017169|0
0000000019514|190
0000000026123|0
0000000026130|0
0000000026635|0
0000000026673|301
000003393|0
00387107557018931511|0
01 N0010|0
01 N0012|0
01 N0014|0
01 N0016|8
01 N0018|0
01 N0020|0
01 N0022|0
0115060476490196|0
0115060476490219|0
0115060476490226|0
0115060476490288|0
0115060476490301|0
0115060476490356|0
0115060476490400|0
0115060476490424|0
0115060476490660|0
0115060476490677|0
0115060476490806|0
0115060476490813|0
0115060476492237|0
01N0009D|51
01N0011D|30
01N0013D|37
01N0015D|5
01N0017D|59
01N0019D|57
01N0021D|80
02 645|12
035585111117|0
03858888797287|0
04007221035930|3825
04KG001000.0001.0128|0
04KP001000.0002.0128|0
052742000589|16
052742000626|12
052742000633|61
052742003764|5
052742008189|1
052742008240|6
052742008905|4
052742009421|25
052742011561|2
052742011608|8
052742015828|5
052742015903|12
052742017242|6
052742018577|5
052742021317|32
052742021379|21
052742021492|4
052742021515|5
052742022758|3
052742022802|12
052742022840|4
052742022871|6
052742022949|4
052742023014|8
052742023281|7
052742023311|9
052742023403|12
052742023458|13
052742023618|3
052742023649|39
052742023700|12
052742023724|5
052742023731|4
052742023809|5
052742023946|1
052742024011|1
052742024257|7
052742024271|4
052742024295|1
052742024332|2
052742024363|9
052742024370|2
052742024394|2
052742024417|5
052742024523|2
052742024745|27
052742024769|6
052742024783|16
052742024868|12
052742024974|5
052742025018|6
052742025131|14
052742025209|7
052742025216|9
052742025223|8
052742025278|6
052742025292|8
052742025339|12
052742025384|16
052742025407|3
052742025551|2
052742025582|3
052742025728|9
052742025735|3
052742025742|9
052742025827|6
052742025834|2
052742025865|3
052742025889|9
052742025902|2
052742025926|5
052742025964|7
052742026077|15
052742026084|9
052742026091|5
052742026107|2
052742026152|1
052742026169|3
052742026176|18
052742026213|1
052742026237|4
052742026756|8
052742026855|50
052742026862|67
052742027005|37
052742027180|18
052742030272|12
052742030302|2
052742030791|30
052742030814|13
052742030838|6
052742031583|4
052742033327|1
052742033600|2
052742033624|1
052742033679|49
052742033693|2
052742034461|7
052742034478|1
052742034492|6
052742035963|7
052742035970|12
052742036007|1
052742036984|11
052742037004|2
052742037035|1
052742037059|4
052742037080|1
052742037110|1
052742037202|4
052742037233|2
052742037257|6
052742037271|1
052742037318|1
052742037332|1
052742037394|12
052742037417|8
052742037448|21
052742037509|1
052742037523|1
052742037530|1
052742037585|33
052742038537|3
052742038599|4
052742038704|16
052742038797|19
052742038858|8
052742039329|25
052742039725|51
052742039749|36
052742039848|60
052742039862|45
052742039886|11
052742039909|20
052742040417|75
052742040424|29
052742040554|17
052742040578|50
052742040592|14
052742040622|17
052742040738|33
052742040745|19
052742040806|11
052742041049|18
052742041056|1
052742041070|3
052742041230|4
052742041452|6
052742041636|13
052742041650|67
052742041667|7
052742041698|53
052742041711|16
052742041728|1
052742041742|10
052742041780|28
052742041797|12
052742042084|15
052742042114|32
052742042206|6
052742042213|3
052742042237|67
052742042244|33
052742042251|6
052742042275|54
052742042329|34
052742042350|36
052742042374|20
052742042459|12
052742042473|11
052742042619|43
052742042633|10
052742042824|18
052742042831|5
052742043111|9
052742043128|16
052742043142|7
052742043166|4
052742043234|3
052742043258|7
052742043265|3
052742043616|14
052742043654|8
052742043746|7
052742043760|6
052742043807|4
052742043814|8
052742043821|16
052742044088|17
052742044101|4
052742044118|15
052742044132|11
052742044156|5
052742044170|5
052742044217|1
052742044262|1
052742044286|22
052742044309|48
052742044330|22
052742044378|68
052742044538|6
052742044705|27
052742044743|15
052742044767|10
052742045009|24
052742045245|289
052742045269|22
052742045290|20
052742045368|57
052742045535|16
052742045580|13
052742045597|39
052742046846|2
052742047140|4
052742047218|161
052742047249|6
052742047256|2
052742047287|7
052742047324|18
052742047393|42
052742047416|201
052742047485|30
052742047553|8
052742047584|5
052742047843|11
052742047850|4
052742048123|41
052742048185|7
052742048208|11
052742048864|11
052742048871|3
052742049991|14
052742050362|3
052742050386|11
052742050768|4
052742050775|4
052742050799|6
052742050829|4
052742050843|5
052742051208|5
052742052144|31
052742052410|2
052742052427|2
052742052441|13
052742052465|4
052742052823|11
052742053004|24
052742053042|26
052742053066|14
052742053172|6
052742053264|8
052742053363|10
052742053387|5
052742053424|2
052742053448|7
052742053486|2
052742053516|3
052742053592|19
052742053639|4
052742053776|60
052742053806|18
052742054438|11
052742054445|7
052742054469|5
052742054513|11
052742054551|3
052742054902|23
052742055060|7
052742055077|1
052742055190|2
052742055251|51
052742055282|10
052742055305|8
052742055398|69
052742055558|11
052742055565|15
052742055589|5
052742055602|152
052742055732|33
052742055770|3
052742055787|7
052742055800|23
052742055831|115
052742055985|19
052742056012|19
052742056203|6
052742056241|5
052742056272|19
052742056326|5
052742056333|6
052742056388|28
052742057897|5
052742057910|7
052742057941|13
052742058764|7
052742060354|0
052742060811|0
052742061757|45
052742118710|5
052742118819|3
052742121109|8
052742149615|7
052742168005|27
052742170008|13
052742183008|11
052742188416|4
052742194110|8
052742194219|2
052742209708|71
052742209807|20
052742209906|71
052742210414|10
052742210513|5
052742210612|4
052742210711|6
052742211213|23
052742211312|10
052742211411|14
052742211503|18
052742214702|23
05274226110|50
052742281704|5
052742281803|5
052742282008|18
052742282107|26
052742282206|1
052742282602|13
052742282701|1
052742283005|9
052742284200|36
052742284408|7
052742286204|23
052742301013|24
052742301037|3
052742326603|18
052742335414|47
052742343808|3
052742344508|1
052742344607|2
052742364315|0
052742366302|11
052742366906|3
052742367309|3
052742376516|4
052742376608|14
052742376714|2
052742428116|2
052742567013|213
052742613901|9
052742665405|8
052742665603|27
052742665801|13
052742752006|4
052742752402|3
052742801018|16
052742801612|12
052742809700|2
052742866703|5
052742866802|12
052742868509|19
052742869001|19
052742869506|0
052742917603|19
052742917900|2
052742918204|9
052742918303|12
052742918501|56
052742918600|34
052742918709|21
052742918907|48
052742919102|10
052742926902|1
052742933801|11
052742935102|33
052742935201|1
052742935300|9
052742945118|11
05701170431650|0
07500142112744|1
07500142129414|1
07500142132445|1
07500142135248|5
07500142135323|5
07500142157615|0
07500142158957|2
07500142159022|0
07500142159053|0
07500142160691|0
07500142161254|0
07500142162473|0
07500142162480|0
07500142162527|0
07500142163869|1
0810833006311|0
0810833020904|551
0810833027101|0
0810833027118|0
0810833027125|0
0810833027132|0
0810833027149|0
0810833027156|20
0810833027200|0
0810833027224|0
0810833027408|0
0810833027415|0
0810833027453|51
0810833027507|0
0810833027514|921
082769|1
08436538950036|0
08436538950043|0
08436538950050|0
08436538950128|0
08436538950135|2
08436538950142|0
08436538950159|0
08436538950173|0
08436538951026|0
08436538951033|0
08436600820601|0
08436600820618|1
08436600820625|0
08436600821554|197
09954|0
10818392018384|0
1234|0
13 0591|0
142203|0
1500000035|0
1500000038|0
1500000042|0
1500000203|0
1500000206|0
1500000207|0
1500000208|0
1500000211|0
1500000212|0
15060476493630|0
15060476493654|0
1602335|220
1602336|2954
162439|206
169998SP|37
20052742026316|2
20052742026422|1
2021/H09785|1
2021/H09816|1
20270601|150
2036987451236|7
22 001|0
22 002|0
23436|2
257205|16
28791|3
290274|0
3275974061969|0
3275974061983|65
3275974061990|87
3275974062003|45
3275974064205|63
3411111945840|28
3411111945857|28
3411111946335|0
3411111956624|14
3411111956655|3
3411111996330|28
3411112007509|39
3411112048700|28
3411112080038|38
3411112080052|114
3411112080069|147
3411112080076|239
3411112080083|144
3411112116652|26
3411112116676|72
3411112122622|94
3411112133758|77
3411112133789|117
3411112161904|42
3411112169252|37
3411112169344|54
3411112169498|247
3411112169603|361
3411112248896|0
3411112250981|0
3411112251186|104
3411112251230|207
3411112261857|106
3411112263806|6
3411112264377|0
3411112265466|0
3411112276547|6
3411112276622|13
3411112276837|9
3411112280049|9
3411112285501|19
3411112291632|0
3411112291687|0
3411112940431|20
3411112943609|37
3411112943616|24
3411112943623|0
3411112946990|0
3411112969500|14
3411112969517|42
3411112969524|33
3411112971145|28
3411112979004|30
3411112991174|6
3411112991334|10
3411112991341|13
3411112991358|9
3411112991389|6
3411112997664|0
3411113009441|78
3411113009571|4
3411113009977|14
3411113010898|14
3411113011345|18
3411113018122|16
3411113018191|35
3411113021658|9
3411113026882|18
3411113027018|20
3411113027476|0
3411113027728|0
3411113027735|0
3411113028435|4
3411113030421|459
3411113030438|262
3411113032647|18
3411113032722|10
3411113032845|0
3411113035778|0
3411113065416|22
3411113071134|0
3411113071363|18
3411113072940|101
3411113073534|7
3411113073626|4
3411113084424|0
3411113085865|17
3411113094317|5
3411113094324|12
3411113097622|9
3411113105594|48
3411113105679|50
3411113105938|37
3411113106423|10
3411113106928|0
3411113109578|8
3411113109691|0
3411113115777|9
3411113123673|12
3411113127671|11
3411113127879|258
3411113148935|18
3411113150556|17
3411113151645|17
3411113154295|16
3411113166847|18
3411113166854|24
3411113166861|23
3411113166878|18
3411113166885|14
3411113166892|23
3411113166908|5
3411113166915|27
3411113167400|16
3411113167417|20
3411113167424|15
3411113168469|17
3411113168476|30
3411113168506|18
3411113168513|193
3411113168537|7
3411113171469|16
3411113174545|7
3411113174583|9
3411113177546|16
3469980000139|75
3469980000146|61
3469980000160|6
3469980000177|0
3469980003017|4
3469980003031|16
3469980003086|12
3469980003109|13
3469980003147|4
3469980005257|0
3469980005950|185
3469980005981|68
3469980006025|3
3469980006032|29
3469980006094|564
3469980006100|275
3469980006124|94
3469980006148|889
3469980006209|245
3469980006896|0
3469980006902|8
3469980006919|8
3469980007183|2
3469980007190|15
3469980010220|0
3469980010244|18
3469980010251|6
3469980010541|33
3469980010558|10
3469980011340|85
3469980012002|11
3469980012071|0
3469980012095|2
3469980012378|18
3469980012538|0
3469980012552|11
3469980012583|10
34699800134120|19
3469980013436|0
3469980014280|0
3469980014303|0
3469980014358|2
3469980014365|14
3469980015072|3
3469980015089|11
3469980015270|8
3469980015386|0
3469980015409|8
3469980015461|0
3469980015720|0
3469980015836|18
3469980015843|16
3469980015867|6
3469980015874|6
3469980015881|9
3469980015898|10
3469980015904|5
3469980016208|17
3469980016215|25
3469980016420|20
3469980016437|5
3469980016444|0
3469980016451|8
3469980016468|16
3469980016475|11
3469980017090|16
3469980017199|6
3469980017205|7
3469980017267|0
3469980017274|3
3469980017793|3
3469980017816|0
3469980017878|0
3469980017922|10
3469980018004|0
3469980018011|0
3469980018035|0
3469980018059|0
3469980021424|4
3501005992392|54
3552791071426|0
3552791071440|0
3552791071464|0
3552791071501|3
3552791071525|3
3552791071549|0
3552791071648|0
3552791071686|0
3552791476023|2
3552791476047|0
3552791476160|1
3552791476184|0
3552791476344|0
3552791477501|10
3552791477587|0
3552791477662|0
3552791477686|2
3552791477723|1
3552791477761|5
3552791477785|11
3552791573197|0
3552791573944|5
3552791573951|7
3552791573975|8
3552791574507|8
3552791574514|8
3552791574521|13
3552791578505|8
3552791578529|7
3552791578543|1
3552791578567|0
3552791910527|14
3552792272303|0
3552792279708|6
3552792279722|31
3552792279784|11
3552793060008|85
3552793060022|0
3552793060046|44
3552793060060|90
3552793060084|28
3552793060107|0
3552793060121|0
3552793060138|25
3552793060145|43
3552793060169|3
3552793061173|9
3552793062002|112
3552793062026|83
3552793062040|135
3552793062064|57
3552793062088|28
3552793062101|34
3552793062125|21
3552793062132|45
3552793062149|45
3552793062163|1
3552793062187|8
3552793064501|18
3552793064525|0
3552793064549|2
3552793064563|0
3552793064587|3
3552793064600|0
3552793064624|0
3552793068981|18
3552793069001|43
3552793069025|14
3552793069049|8
3552793069087|0
3552793069209|0
3552793069223|0
3552793069247|0
3552793069261|0
3552793069285|0
3552793069407|29
3552793069421|25
3552793072001|9
3552793072025|1
3552793072070|10
3552793072094|5
3552793072124|5
3552793072148|4
3552793072162|5
3552793072209|6
3552793072308|7
3552793072322|8
3552793072346|5
3552793072407|22
3552793072414|4
3552793072421|4
3552793072438|5
3552793072902|2
3552793072964|2
3552793077006|4
3552793077020|5
3552793077068|8
3552793077457|0
3552793077464|3
3552793077471|5
3552793078300|3
3552793078324|3
3552793078348|50
3552793171780|8
3552793171803|5
3552793171827|5
3552793171841|0
3552793270506|0
3552793270520|8
3552793270544|2
3552793272005|13
3552793272012|4
3552793272036|4
3552793272050|6
3552793273026|7
3552793273040|2
3552793273064|3
3561963600067|0
3561963600074|0
3561963600272|0
3561963600357|1
3561963600456|0
3561963600708|0
3561963600715|3
3561963600852|0
3561963600883|0
3561963600890|0
3561963600937|0
3561963601019|0
3561963601033|0
3561963601040|0
3561963601095|1
3561963601125|0
3561963601149|0
3561963601163|0
3561963601170|1
3561963601187|0
3561963601200|1
3561963601217|0
3561963601224|0
3561963601231|0
3561963601248|0
3561963601903|0
3561963601927|0
3561963601965|0
3561963601996|10
3561963602115|0
3561963630170|0
3597132002417|2
3597133004953|0
3597133018905|8
3597133042023|2
3597133044546|0
3597133060584|0
3597133065336|0
3597133066500|0
3597133067194|2
3597133067293|7
3597133067460|17
3597133067477|6
3597133067484|3
3597133067491|2
3597133067507|0
3597133067514|2
3597133067521|4
3597133067538|2
3597133067545|2
3597133074147|3
3597133074475|0
3597133074895|10
3597133075076|4
3597133075137|0
3597133075151|0
3597133075199|1
3597133075649|0
3597133075908|0
3597133075915|0
3597133078220|0
3597133078237|6
3597133078688|0
3597133078695|33
3597133078701|8
3597133078718|4
3597133080766|0
3597133081190|0
3597133085495|1
3597133085501|3
3597133085518|5
3597133085525|0
3597133088311|2
3597133088328|1
3597133089103|0
3597133089677|10
3597133089684|0
3597133090871|3
3597133096231|0
3597133096248|2
3597133096545|0
3597133097788|2
3597133097986|0
3597134003054|3
3597134003184|0
3597134004396|16
3597134005287|2
3597134005546|3
3605870006236|5
3605874332430|1
3605874367876|3
3605874367883|2
3605874403161|1
3605874544833|0
3605874544857|0
3605874565517|2
3605874565524|0
3605874636958|0
3605877023014|0
3660176021253|0
3660176021260|0
3660176021277|10
3660176021352|0
3660176021376|14
3660176021413|5
3660176021482|20
3660176021703|0
3660176021710|0
3660176021772|18
3660176021789|9
3660176021796|13
3660176021864|25
3660176502943|6
3660176502998|0
3661103000235|27
3661103000242|22
3661103001119|0
3661103001133|0
3661103006312|42
3661103006350|9
3661103006367|0
3661103006374|0
3661103006381|0
3661103019275|22
3661103019282|1
3661103019299|1
3661103019305|5
3661103020691|0
3661103021339|0
3661103021353|0
3661103021360|1
3661103028185|1
3661103037538|0
3661103041436|1
3661103041443|0
3661103041467|0
3661103044963|1
3661103045724|34
3661103045731|27
3661103045748|41
3661103045755|45
3661103045762|34
3661103045960|21
3661103045977|30
3661103045984|29
3661103045991|33
3661103046004|9
3661103046516|2
3661103046523|0
3661103062493|0
3661103062523|0
3661103062530|0
3661103066552|2
3663889007477|0
3666560024503|372
3666560024619|115
3666560024862|0
3666560025302|78
3666560026231|0
3666560026248|20
3666560026279|7
3666560026415|48
3666560026422|107
3666560026569|34
3700454501555|2
3700454505614|256
3700454542343|0
3700454546532|0
3700454550171|1
3700454550508|12
3700454550522|1
3700454550539|5
3700454550553|0
3700454550577|0
3700454550751|0
3700454550782|10
3700600500258|2
3760064710006|9
3760064710334|1
3760064710372|0
3760064710402|1
3760064710600|7
3760064710655|3
3760064710907|4
3760064711003|1
3760064711102|15
3760064711119|9
3760064712000|23
3760064712109|8
3760064714004|8
3760064716558|11
3760064718002|3
3760064719108|1
3760064719405|10
3760064719504|13
3760064719559|13
3760064719603|28
3760098110278|0
3760098110322|0
3760098110452|0
3760098110469|0
3760118010335|192
3760118010540|224
3760118010557|28
3760118010564|52
3760118010571|26
3760118012872|976
3760118012889|264
3760118012896|0
3760118012902|12
3760118012919|188
3760329470003|93
3760329470010|43
3760329473226|0
3760329473233|41
3760329473240|0
3760329473257|0
3760329473264|15
3760329473271|5
3760329473288|55
3760329473295|79
3760329473301|29
3760329473318|0
3760329473325|112
3760329473974|0
3760337630093|675
3760337630109|59
3760337630116|344
3760337630123|7
3760337630130|347
3760337630154|8
3760337630161|112
3760337630178|7
3760337630185|273
3760337630192|0
3760337630208|129
3760337630215|47
3760337630222|217
3760337630239|6
3760337630246|63
3760337630253|455
3760337630284|43
3760337630291|760
3760337630314|89
3760337630345|166
3760337630352|72
3760337630369|162
3760337630376|119
3760337630383|171
3760337630390|0
3760337630406|177
3760337630413|0
3760337630420|70
3770024115093|27
3770024115420|1
3770024115437|37
3770024115444|62
3770024115451|10
3770024115468|28
3770024115475|13
3770024115482|7
3770024115499|19
3770024115505|19
3770024115529|8
3770024115536|0
3770024115543|0
3770024115550|8
3770024115567|9
3770024115574|0
3770024115581|7
3770024115598|56
3770024115604|0
3770024115857|13
3770024115864|44
3770024115871|0
3770024115888|21
3770024115895|19
3838989638528|0
3838989638580|0
3858888795368|6
3858888795375|6
3858888796297|0
3858888796983|9
3858888796990|10
3858888797003|6
3858888797270|0
4007221009214|0
4007221013587|0
4007221013952|4
4007221013976|0
4007221013990|0
4007221014003|0
4007221014102|0
4007221017189|121
4007221017196|30
4007221017202|612
4007221017219|306
4007221033073|0
4007221033097|6
4007221033110|5
4007221034056|4
4007221034063|4
4007221034070|0
4007221034087|0
4007221034094|0
4007221034100|20
4007221034117|0
4007221034124|0
4007221035688|0
4007221035916|162
4007221035916|9
4007221035923|6183
4007221035923|0
4007221035923|0
4007221035930|0
4007221035930|3241
4007221036715|0
4007221042495|0
4007221042501|2
4007221043119|6
4007221043126|25
4007221043133|0
4007221043140|26
4007221043317|0
4007221043324|0
4007221052487|0
4007221052494|34
4007221052500|0
4007221052630|4
4007221055570|165
4007221055587|65
4008496881475|1
4022495001108|10
4022495059673|93
4022495250827|100
4022495251411|1
4022495251923|6
4022668305932|0
4022668305956|0
4022L000V0|10
4028691555551|0
4028691555940|6
4028691555964|9
4028691556091|2
4028691556121|0
4028691556213|2
4028691556220|0
4028691561514|2
4028691561965|1
4028691562979|0
4028691563037|0
4028691563068|1
4028691569008|2
4028691569039|0
4028691569060|4
4028691569091|0
4028691569275|0
4028691569305|2
4028691569336|3
4028691569367|0
4028691569398|0
4028691577522|6
4028691578338|0
4028691579502|0
4028691579564|1
4030539039505|0
4030539200288|20
4030996212176|0
4041668305017|0
4046963942922|4
4046964025440|26
4048422132264|0
4048422136033|0
4048422141006|453
4048422141037|109
4048422141068|447
4048422141105|574
4048422141136|570
4048422141167|61
4048422141198|867
4048422141228|149
4048422141259|1075
4048422141280|755
4048422141310|167
4048422141341|184
4048422141372|952
4048422141532|34
4048422141570|73
4048422141617|32
4048422141761|0
4048422141778|0
4048422141785|0
4048422141907|1
4048422141921|0
4048422141945|0
4048422141952|0
4048422141969|0
4048422141990|0
4048422142218|228
4048422144205|49
4048422144243|26
4048422144274|56
4048422144304|34
4048422144335|24
4048422144410|0
4048422145028|0
4048422151685|0
4048422153184|2
4048422153245|44
4048422153276|15
4048422153306|34
4048422153351|15
4048422153382|27
4048422153412|33
4048422153511|22
4048422154136|0
4048422154150|0
4048422154174|0
4048422154198|216
4048422154211|205
4048422154235|0
4048422154259|410
4048422154273|144
4048422154310|301
4048422154365|192
4048422154532|115
4048422180111|26
4048422180425|193
4048422180548|270
4048422180845|485
4048422180906|452
4048422180968|379
4048422181026|549
4048422190042|18
4048422190059|21
4048422193210|24
4049434025476|1
4049500562249|0
4049500562287|0
4049500971034|0
4049500976312|0
4050478011998|0
4050478012018|0
4050478012452|0
4050478012476|0
4050478860756|0
4064951002939|3
4064951003769|43
4064951003776|38
4064951003783|30
4064951003790|7
4064951011207|1
4064951011283|1
4064951019517|1
4064951021763|1
4064951055720|1
4084500942455|208
43599|0
45810|20
45910|3
5014602801694|0
5014602803780|0
5014602808457|2
5017363775228|3
5023534017721|0
5023534027263|1
5023534027270|1
5031812500209|3
5031812500407|0
5031812500506|15
5031812500551|3
5031812501091|28
5031812501145|95
5031812501190|3
5031812503163|30
5031812505174|47
5031812505228|123
5031812505273|57
5031812505303|7
5031812505426|7
5031812505457|0
5031812505754|0
5031812506904|3
5031812507154|0
5031812507307|4
5031812507406|1
5031812507451|9
5031812508014|0
5031812508052|9
5031812508090|0
5031812508151|41
5031812508359|99
5031812508403|28
5031812509073|77
5031812509103|1
5031812509158|10
5031812509202|79
5031812509240|4
5031812509257|0
5031812509271|0
5031812511007|402
5031812522041|0
5031812522195|0
5031812522249|0
5031812522393|185
5031812522447|53
5031812522492|41
5031812523048|0
5031812536659|0
5031812536703|89
5031812580256|68
5031812597353|0
5055037402193|8
5055037402209|0
5055037402223|0
5055037402230|0
5055037402247|0
5055037402254|0
5055037402261|10
5055037402315|6
5055037402322|0
5055037402476|6
5055037402483|6
5055037403596|6
5055037403701|0
5056273601739|0
5056273601753|16
5056273602095|0
5056273602118|0
5056273602132|0
5056273602156|0
5056273602293|296
5056273602316|97
5056273602514|0
5056273602538|0
5056273602781|0
5056273602859|45
5056273603030|20
5056273603078|29
5056273603092|29
5056273603184|22
5056273603252|210
5056273603511|0
5056273604334|0
5056273604396|0
5056273604419|0
5056273604709|29
5056273604723|161
5056273604747|32
5056273604969|0
5056273605027|0
5056273605645|2
5056273605843|14
5056273605904|0
5056273606765|49
5056273606956|286
5056273607304|183
5056273607311|288
5056273607540|920
5056273607557|1834
5056273607946|0
5056273608424|0
5056273608578|19
5056273608714|0
5056273608837|23
5056273608875|43
5056273608912|0
5056273608950|112
5056273609094|7
5056273609186|168
5056273610052|466
5056273610328|111
5056273610342|110
5056273610410|0
5056273610564|143
5056273610694|134
5056273610731|55
5056273610755|200
5056273610779|21
5056273610793|25
5056273610854|110
5056273610878|133
5056273611035|23
5056273611219|296
5056273611257|23
5056273611295|63
5056273611417|23
5056273611516|72
5060139550000|0
5060139550505|75
5060184240000|10
5060184240031|0
5060184240048|40
5060184240147|174
5060184240154|0
5060184240208|73
5060184240468|36
5060184240598|20
5060184240604|0
5060184240697|0
5060184240703|10
5060184240727|0
5060184240833|0
5060184241236|25
5060184241250|23
5060184241519|90
5060184242066|29
5060184242080|8
5060184242967|64
5060184243025|0
5060184243230|21
5060184243247|34
5060184243254|35
5060184243278|273
5060184243285|79
5060184243292|129
5060184243315|84
5060184243322|293
5060184243346|32
5060184243360|48
5060184243384|48
5060184243421|0
5060184243971|0
5060184244725|21
5060184244732|26
5060184244794|9
5060184244817|19
5060184244848|73
5060184244909|2
5060184244916|53
5060184244923|0
5060184246187|827
5060184246583|0
5060184246781|85
5060184246804|66
5060184246828|0
5060184249799|159
5060184249812|11
5060184249836|69
5060184249850|244
5060184249874|0
5060556000034|0
5060805531272|74
5060805531296|9
5060805531319|13
5060805531333|16
5060805531357|6
5060805531371|12
5060805531395|3
5060805531418|185
5060805531432|49
5060805531449|53
5060805531463|55
5060805531487|72
5099299023963|13
5099299028319|8
5099299028685|0
5099299030039|0
527420262820|1
52742039305|11
52742054766|1
5391533250655|128
5391533250662|156
5391533250785|36
5391533252710|20
5391537750236|0
5413149282223|57
5414736013978|0
5420036906964|0
5420036907077|0
5420036907299|0
5420036907350|0
5420036907428|0
5420036907473|4
5420036914983|179
5420036918387|5
5420036923008|2
5420036923183|0
5420036923459|1
5420036923541|6
5420036926658|0
5420036926894|6
5420036927228|7
5420036927273|9
5420036927365|1
5420036927457|0
5420036927792|16
5420036927839|2
5420036929574|424
5420036929628|172
5420036929710|576
5420036936268|11
5420036936572|241
5420036939962|0
5420036939979|0
5420036941026|4862
5420036941309|10
5420036941316|0
5420036941323|0
5420036941330|0
5420036941347|3
5420036945369|0
5420036945437|0
5420036945611|0
5420036951636|0
5420036951643|4
5420036951650|2
5420036951667|0
5420036951674|3
5420036951681|0
5420036951698|4
5420036954972|1258
5420036962281|5
5420036962298|10
5420036962304|10
5420036962311|10
5420036962328|4
5420036962335|3
5420036962342|3
5420036962359|3
5420036971375|19
5420036973515|5
5420036973522|0
5420036973539|4
5420036973546|4
5420036973553|3
5420036974352|157
5420036974369|293
5420036974512|55
5420036974529|402
5420036974536|661
5420036974543|448
5420036974550|0
5420036975427|25
5420036975434|69
5420036975441|35
5420036975458|0
5420036975465|77
5420036975472|125
5420036975489|686
5420036977568|5
5420036982746|10
5420040816723|2974
5600234107008|2
5600234107015|6
5600234107022|0
5600234107039|2
5600234107053|2
5600234107060|4
5600815563704|2
5600815563728|2
5600815563735|2
5600815563742|7
5600815563759|5
5600815563803|0
5600815563834|0
5600815563841|3
5600815563865|3
5600815563872|4
5600815563902|0
5600815563919|1
5600815563988|7
5600815564022|1
5600815564039|1
5600815564046|5
5600815564053|2
5600815564060|4
5600815564077|1
5600815564084|0
5600815564091|0
5600815564107|0
5600815564114|4
5600815568044|0
5600815568754|1
5701170110036|2
5701170110111|55
5701170110135|20
5701170110142|14
5701170110210|15
5701170110234|0
5701170110241|14
5701170110319|10
5701170110333|3
5701170110340|6
5701170110418|13
5701170110432|19
5701170110517|15
5701170110524|36
5701170110531|10
5701170110616|50
5701170110630|6
5701170110647|31
5701170110739|17
5701170110814|45
5701170110845|26
5701170110883|3
5701170110913|15
5701170110951|18
5701170111019|101
5701170111033|0
5701170111057|19
5701170111231|3
5701170111255|1
5701170111316|65
5701170111330|6
5701170111354|49
5701170111415|6
5701170111422|3
5701170111439|12
5701170111514|5
5701170111538|12
5701170111545|10
5701170111613|10
5701170111620|16
5701170111644|0
5701170111712|28
5701170111736|10
5701170111743|23
5701170111811|24
5701170111835|10
5701170111842|12
5701170111910|28
5701170111927|9
5701170111934|35
5701170112016|334
5701170112030|0
5701170112047|45
5701170112115|2
5701170112122|22
5701170112146|0
5701170112214|205
5701170112238|5
5701170112245|15
5701170120028|11
5701170120127|4
5701170120233|72
5701170120257|53
5701170120325|20
5701170120424|4
5701170120523|8
5701170120622|21
5701170120721|9
5701170120806|111
5701170120868|26
5701170121018|12
5701170121032|0
5701170132618|0
5701170140101|0
5701170140309|135
5701170140408|36
5701170210019|0
5701170210033|18
5701170210057|15
5701170210132|117
5701170210156|10
5701170210231|898
5701170210316|0
5701170210330|6
5701170210354|9
5701170210415|53
5701170210439|63
5701170210637|52
5701170210736|28
5701170210835|8
5701170210934|52
5701170211016|57
5701170211030|3
5701170211115|34
5701170211139|13
5701170211153|14
5701170211184|0
5701170211252|6
5701170212266|0
5701170220117|76
5701170220155|32
5701170220216|19
5701170220339|1019
5701170220414|0
5701170220513|99
5701170220612|0
5701170220711|249
5701170220810|296
5701170220919|10
5701170221053|36
5701170221060|0
5701170221091|0
5701170221121|5
5701170222005|132
5701170230017|14
5701170230512|48
5701170231014|0
5701170313291|0
5701170318173|12
5701170330601|0
5701170331257|0
5701170331264|3
5701170331349|0
5701170335132|9
5701170341119|12
5701170341126|17
5701170411232|18
5701170420890|0
5701170421316|20
5701170421460|19
5701170421552|0
5701170421774|0
5701170421842|3
5701170422542|0
5701170426106|0
5701170426410|1
5701170428124|8
5701170440836|14
5701170442694|6
5701170443622|6
5701170443721|8
5701170449624|9
5701170450774|8
5701170461527|5
5701170461534|5
5701170461541|5
5701170461558|9
5701170461565|9
5701170461572|9
5701170810288|12
5701170811087|7
5701170823462|89
5701170910506|0
5701170911909|0
5703188002822|0
5703188009791|0
5703188009869|0
5703188015013|54
5703188015044|0
5703188031655|0
5703188031662|0
5703188031679|0
5703188037916|0
5703188037923|0
5703188040282|0
5703188040497|0
5703188040527|0
5703188040541|0
5703188040565|0
5703188040657|0
5703188040695|0
5703188041869|0
5703188043979|1
5703188043993|1
5703188044006|1
5703188044013|0
5703188044020|6
5703188044037|104
5703188044044|0
5703188052995|0
5703188099853|0
5703188120120|0
5703188145703|0
5703188176479|0
5703188176493|0
5703188176516|0
5703188176530|0
5703188176554|0
5703188176578|0
5703188180018|0
5703188196538|0
5703188206282|0
5703188207296|0
5703188225924|0
5703188225931|0
5703188230836|0
5703188230867|0
5703188230881|0
5703188230904|0
5703188230928|0
5703188230942|0
5703188232571|0
5703188232595|0
5703188234445|0
5703188234452|0
5703188234469|0
5703188244154|0
5703188244161|0
5703188244178|0
5703188244215|0
5703188244253|0
5703188244260|0
5703188248299|0
5703188248329|0
5703188248343|0
5703188250797|3
5703188250827|0
5703188254665|0
5703188254689|0
5703188254801|0
5703188254887|9
5703188254924|0
5703188255020|2
5703188258168|0
5703188258236|0
5703188258274|0
5703188258731|0
5703188258960|0
5703188258977|0
5703188279842|0
5703188297969|0
5703188297976|0
5703188297983|0
5703188300775|2
5703188300782|1
5703188300799|2
5703188300805|2
5703188313904|0
5703188313928|0
5703188313942|0
5703188314017|0
5703188314031|0
5703188316929|0
5703188322500|0
5703188322517|0
5703188330109|0
5703188330147|0
5703188331250|0
5703188331274|0
5703188334022|0
5703188337306|0
5703188337559|0
5703188339935|0
5703188339959|0
5703655004199|0
5740023600003|0
5740023600010|0
5740023600027|60
5740023600034|56
5740023600041|50
5740023600171|1
5740023600515|7
5740023600522|6
5740023600539|6
5740023600546|12
5740023600553|3
5740023600669|6
5740023600676|10
5740023600683|11
5740023600690|0
5740023600706|3
5740023600768|0
5740023600775|27
5740023600782|12
5740023600799|24
5740023600805|1
5740023600812|0
5740023600829|4
5740023600836|8
5740023600843|3
5740023600942|14
5740023600959|6
5740023600966|1
5740023600973|0
5740023600980|6
5740023600997|112
5740023601000|4
5740023601017|3
5740023601024|3
5740023601031|4
5740023601048|0
5740023601055|3
5740023601062|3
5740023601079|4
5740023601086|10
5740023601093|0
5740023601109|14
5740023601116|3
5740023601123|3
5740023601130|7
5740023601147|16
5740023601154|11
5740023601161|11
5740023601406|2
5740023601413|66
5740023601420|55
5740023601437|112
5740023601444|4
5740023601505|0
5740023601529|0
5740023601536|0
5740023601543|6
5740023601666|9
5740023601789|6
5740023601826|0
5740023601840|0
5740023601857|6
5740023601895|30
5740023601901|13
5740023601925|8
5740023601956|29
5740023601963|0
5740023601970|0
5740023601994|5
5740023602045|12
5740023602052|18
5740023602069|6
5740023602830|6
5740023602847|18
5740023602854|6
5740023602861|6
5740023602878|11
5740023602885|12
5740023602892|6
5740023602908|6
5740023603127|0
5740023603134|3
5740023603141|0
5740023603158|3
5740023603165|0
5740023603172|3
5740023603189|10
5740023603264|4
5740023603271|2
5740023603288|2
5740023603295|0
5740023603301|2
5740023603318|2
5740023603325|2
5740023603332|1
5740023603349|30
5740023603356|39
5740023603363|24
5740023603370|2
5740023603790|0
5740023603806|1
5740023603813|8
5740023603820|4
5740023603837|0
5740023603844|14
5740023603851|8
5740023603981|0
5740023603998|0
5740023604001|0
5740023604018|3
5740023604025|3
5740023604032|6
5740023604049|0
5740023604056|3
5740023604063|5
5740023604070|0
5740023604087|0
5740023604094|3
5740023604100|8
5740023604117|6
5740023604124|0
5740023604162|2
5740023604179|2
5740023604186|2
5740023604193|3
5740023604209|4
5740023604216|2
5740023604223|2
5740023604230|0
5740023604247|2
5740023604254|2
5740023604261|0
5740023604278|2
5740023604285|1
5740023604292|0
5740023604308|0
5740023604315|1
5740023604322|1
5740023604339|9
5740023604346|3
5740023604353|3
5740023604377|1
5740023604384|0
5740023604391|0
5740023604407|0
5740023604834|2
5740023604841|3
5740023604858|2
5740023604865|0
5740023604872|22
5740023604889|6
5740023604896|9
5740023604995|0
5740023605008|0
5740023605015|6
5740023605022|0
5740023605039|12
5740023605190|6
5740023605206|6
5740023605213|6
5740023605237|9
5740023605244|13
5740023605251|0
5740023605268|7
5740023605350|3
5740023605367|0
5740023605398|6
5740023605404|8
5740023605411|8
5740023605428|0
5740023605435|0
5740023605442|15
5740023605459|3
5740023605466|2
5740023605473|0
5740023605619|44
5740023605626|0
5740023605633|0
5740023605640|0
5740023605695|10
5740023605701|6
5740023605718|7
5740023605725|6
5740023605732|15
5740023605749|5
5740023605756|5
5740023605763|258
5740023605770|242
5740023605787|10
5740023605794|155
5740023605800|110
5740023605817|148
5740023605824|155
5740023605831|310
5740023605848|5
5740023606012|7
5740023606074|1
5740023606081|0
5740023606142|3
5740023606197|12
5740023606203|6
5740023606210|12
5740023606531|24
5740023606548|54
5740023606555|4
5740023606654|12
5740023606678|151
5740023606838|1
5740023606845|21
5740023606852|3
5740023606869|9
5740023606951|3
5740023606968|3
5740023606975|3
5740023606982|3
5740023607583|5
5740023607828|0
5740023607835|0
5740023608047|6
5740023608054|6
5740023608061|0
5740023608122|0
5740023608146|18
5740023608191|0
5740023608207|4
5740023608283|0
5740023608290|0
5740023608306|0
5740023608351|92
5740023608368|41
5740023608375|8
5740023608399|71
5740023608412|62
5740023608443|1
5740023608450|1
5740023608467|1
5740023608481|0
5740023608795|3
5740023608801|3
5740023608818|3
5740023608825|3
5740023608832|3
5740023608849|3
5740023609013|3
5740023609037|6
5740023609044|3
5740023609051|3
5740023609068|3
5740023609075|3
5740023609273|0
5740023609297|3
5740023609310|6
5740023609327|3
5740023609334|2
5740023609341|5
5740023609358|5
5740023609433|2
5740023609440|2
5740023609457|2
5740023609464|5
5740023609655|3
5740023609662|3
5740023609679|3
5740023609839|8
5740023609853|3
5740023609877|3
5740023609891|0
5740023609907|6
5740023609976|18
5740023609990|3
5740023610118|5
5740023610125|5
5740023610132|5
5740023610149|5
5740023610156|5
5740023610163|5
5740023610170|5
5740023610187|5
5740023610194|5
5740023610200|5
5740023610217|5
5740023610224|5
5740023610231|5
5740023610248|5
5740023610255|5
5740023610262|5
5740023610279|5
5740023610286|9
5902811741002|988
5902811741019|419
5902811741033|777
5902811741040|174
5902811741057|379
5902811741064|186
5902811741071|2408
5902811741088|4173
5902811741095|0
5902811741101|396
5902811741118|384
5902811741149|0
5902811741156|0
5902811741163|41
5902811741170|260
5902811741187|587
5902811741194|251
5902811741309|0
5902811741316|1004
5902811741323|404
5902811741804|94
5902811741811|22
5902811741828|11
5902811741835|48
5902811742252|0
5902811742269|22
5902811742276|37
5902811742283|0
5902811742610|40
5902811742627|231
5902811742634|0
5902811742641|6
5902811742658|26
5902811742764|7
5902811742771|0
5902811742788|61
5902811742917|267
5902811742955|330
5902811743327|935
5902811743334|335
5902811743372|106
5902811743389|44
5902811743396|169
5902921300304|0
5902921300359|834
5902921301622|233
5902921301646|683
5902921301684|356
5902921302070|540
5902921302087|1041
5902921302094|5318
5902921302100|556
5902921302339|47
5902921302346|16
5902921302353|19
5902921303275|0
5902921303282|0
5902921303312|0
5902921303824|26
5902921303831|29
5902921303848|32
5902921303947|0
5902921303954|18
5902921304906|47
5902921304913|62
5902921304920|60
5902921304937|79
5902921304944|68
5902921304951|48
5902921304968|88
5902921304975|48
5902921304999|40
5902921305002|37
5902921305019|36
5902921305026|45
5902921305033|38
5902921305040|24
5902921305057|22
5902921305064|11
5902921305088|46
5902921305095|25
5902921305255|39
5902921305262|18
5902921305279|23
5902921305286|37
5902921306528|9139
5902921306535|686
5902921306542|0
5902921306559|0
5902921306566|4728
5902921306627|427
5902921306634|0
5902921306641|1148
5902921306658|0
5902921306665|1056
5902921306931|202
5902921306948|1272
5902921306955|284
5902921306962|1042
5902921307808|2341
5902921307815|596
5902921307822|172
5902921307839|1202
5902921308003|125
5902921308010|0
5902921308027|627
5902921308034|218
5902921312499|0
5902921312505|0
5902921312512|0
5902921381709|550
5902921381952|12
5902921394549|19
5902921394563|14
5902921394785|44
5902921394792|67
5902921394969|23
5902921394976|47
5902921394983|11
5902921394990|17
5902921395515|25
5902921395522|11
5902921399674|10
5902921399681|15
5902921399698|9
5902921399704|21
5902921399858|1
5902921399865|0
5904109019558|0
5904109019916|0
5904754151122|125
5904754151139|475
5904754151573|119
5904754151627|87
5904754151634|87
5904754151696|125
5904754151702|125
5904754151740|90
5907443486734|0
5907783020841|4
5907783020858|0
5907783020865|4
5907783020872|4
5907783020889|0
5907783020896|4
5907783020902|0
5907783020933|0
5907783020940|0
5907783020957|0
5907783020964|0
5907783021015|0
5907783021022|0
5907783021060|0
5907783021084|0
5907783021107|0
5907783021121|0
5907783021145|0
5907783021169|0
5907783022104|35
5907783022111|41
5907783022128|36
5907783022135|37
5907783022142|50
5907783022593|25
5907783022609|38
5907783022616|19
5907783022623|40
5907783022630|22
5907783022647|37
5907783022654|35
5907783022661|32
5907783022678|37
5907783022685|38
5907783022692|35
5907783022708|33
5907783022715|31
5907783022722|20
5907783022739|27
5907783022746|12
5907783022753|12
5907783022760|33
5907783022777|31
5907783022784|19
5907783022791|18
5907783022807|39
5907783022814|36
5907783022821|18
5907783022838|35
5907783022845|18
5907783022852|11
5907783022869|1
5907783022876|24
5907783022883|10
5907783022890|7
5907783022906|26
5907783022913|10
5907783022920|27
5907783022937|0
5907783022944|12
5907783022951|10
5907783022968|23
5907783022975|23
5907783022982|4
5907783022999|22
5907783023002|13
5907783023019|7
5907783023026|19
5907783023033|6
5907783023040|21
5907783023057|10
5907783023064|15
5907783023071|14
5907783023088|7
5907783023095|11
5907783023101|2
5907783023118|3
5907783023125|14
5907783023132|27
5907783023149|24
5907783023156|19
5907783023163|40
5907783023170|27
5907783023187|30
5907783023309,00|0
5907783023316|0
5907783023323|0
5907783023330|0
5907783023347|0
5907783023361|0
5907783023378|0
5907783023392|0
5907783023408|0
5997375424645|1
5997375444643|1
6432100017253|10
6432100017529|6
6432100017536|156
6432100027795|24
6432100050861|10
6432100053503|6
6432100103208|19
6432100103215|226
6500010006|0
701029162518|24
7046260879690|2
7046261528917|0
7046264188736|0
71022|9
73058200007|0
730582000081|0
73058200010|0
730582000371|0
730582000401|0
730582000418|0
730582000517|0
730582000524|0
730582000937|0
730582000944|0
730582205820|0
730582205875|0
730582205936|0
730582205950|0
73058220601|0
730582207022|0
73058220891|0
7332413516711|2
7332413516728|0
7332413516735|0
7350055513516|0
7509526010836|0
76896|4
77668|16
77684|16
77688|16
7898574021803|265
7898574021810|263
7898574021827|263
7898574021834|291
7898574021896|93
7898574021902|93
7898574021919|92
7898574021926|91
7898574021933|92
7898574022329|0
7898574022596|11
7898574022756|22
7898574023470|0
7898574023500|0
7898574023715|0
7898574023791|136
7898574023807|121
7898574023814|126
7898574023821|77
7898574023838|120
7898574023845|118
7898574023944|0
7898574024019|0
7898574024064|0
7898574024071|0
7898574024088|7
7898574024095|4
7898574024101|1
7898574024118|4
7898574024286|0
7898574024293|0
7898574024309|20
7898574024316|4
7898574024323|0
7898574024330|9
7898574024347|0
7898574024354|0
7898574024361|0
7898574024378|1
7898574024408|0
7898574024415|0
7898574024422|0
7898574024439|0
7898574024484|47
7898574025054|0
7898574025184|0
7898574025191|0
7898574025207|4
7898574025214|0
7898574025344|7
7898574025351|0
7898574025368|0
7898574025375|5
7898574025382|32
7898574025757|7
7898574026068|0
7898574026075|0
7898574026105|0
7898574026211|0
7898574026228|0
7898574026235|0
7898574026242|0
7898574026259|0
7898574026266|0
7898574026273|0
7898574026402|10
7898574026631|18
7898574026648|15
7898574026976|0
7898574026990|0
7898574027126|28
7898574027133|0
7898574027140|0
7898574027454|0
7898574029168|29
7898574029175|35
7898574029182|28
7898928491689|61
7898928491696|57
7898928491702|61
7898938348973|41
7898945056809|43
7898945056816|46
7898945056847|49
7898945056861|49
7898945056878|25
7898945056908|24
7898945056984|45
7898945056991|40
8003507960657|40
8003507960848|41
8003507961302|32
8003507961388|36
8003507961432|15
8003507962040|8
8003507963283|5
8003507963306|18
8003507963412|3
8003507963429|8
8003507968158|33
8003507968226|36
8003507970915|30
8003507970915Z|3
8003507970922|0
8003507970984|165
8003507973480|65
8003507973893|168
8003507974357|16
8003507974432|2
8003507974456|74
8003507974500|26
8003507974609|17
8003507974708|3
8003507974807|45
8003507974906|39
8003507974951|18
8003507976115|21
8003507976214|5
8003507976313|10
8003507976511|10
8003507976610|10
8003507977631|101
8003507977648|89
8003507979222|5
8003507979840|5
8003507981225|4
8003507981232|25
8003507981423|21
8003507981430|20
8003507981584|21
8003507981591|0
8003507981683|19
8003507981690|20
8003507981829|0
8003507981836|21
8003507982000|18
8003507982048|14
8003507983502|17
8003507983557|7
8003507984509|5
8003507985018|25
8003507985407|25
8003507985506|6
8003507985513|3
8003507985605|6
8003507985612|22
8003507986459|0
8003507986473|2
8003507986497|0
8003507986824|267
8003507986862|8
8003507987081|0
8003507987128|7
8003507988002|4
8003507988507|6
8003507988514|12
8003507989528|4
8003507989603|6
8003507989658|11
8003507989764|0
8003507993006|16
8003507993013|12
8003507995611|38
8003507997028|48
8003507997301|4
8005852002013|26
8005852002020|11
8005852002037|12
8005852002587|10
8005852002594|14
8005852002600|11
8005852002617|13
8005852003003|294
8005852003096|0
8005852003102|9
8005852003119|4
8005852110152|198
8005852112217|7
8005852121011|24
8005852121356|0
8005852121363|32
8005852121547|328
8005852121745|269
8005852121936|204
8005852122032|192
8005852122339|89
8005852122438|181
8005852122445|356
8005852122636|312
8005852122735|0
8005852122834|236
8005852125408|467
8005852125415|678
8005852125422|282
8005852125439|1011
8005852132109|8
8005852132208|10
8005852132307|125
8005852132406|13
8005852138019|623
8005852138026|0
8005852138033|157
8005852138040|1094
8005852138217|209
8005852138224|25
8005852138231|12
8005852138248|11
8005852139047|102
8005852140197|0
8005852142115|0
8005852142214|28
8005852142313|175,9997
8005852143037|3126
8005852143068|1772
8005852143099|2
8005852143129|1183
8005852144706|0
8005852144751|3
8005852146625|189
8005852146649|32
8005852146670|0
8005852146687|0
8005852146731|145
8005852146748|0
8005852146762|15
8005852146779|160
8005852151834|12
8005852160003|24
8005852161000|0
8005852161048|0
8005852161086|0
8005852161123|0
8005852171009|253
8005852171016|288
8005852171023|372
8005852171030|179
8005852171047|303
8005852171054|397
8005852171061|559
8005852171078|268
8005852171085|3
8005852171108|698
8005852171115|0
8005852171122|372
8005852171139|408
8005852172105|5
8005852172204|40
8005852172310|0
8005852172327|0
8005852172501|8
8005852172709|65
8005852172716|0
8005852172723|0
8005852172730|241
8005852172747|290
8005852172761|31
8005852172778|0
8005852172785|0
8005852172815|12
8005852172853|24
8005852173102|160
8005852173119|10
8005852180001|35
8005852180018|37
8005852180032|24
8005852180049|198
8005852180056|3
8005852180063|35
8005852180070|12
8005852180186|38
8005852181046|11
8005852181060|7
8005852182005|7
8005852182012|21
8005852182029|21
8005852182036|12
8005852190161|0
8005852191168|225
8005852192165|0
8005852212016|44
8005852212313|281
8005852212412|19
8005852222237|263
8005852242013|18
8005852273512|6
8005852273598|10
8005852273611|18
8005852280015|168
8005852280114|247
8005852280213|1
8005852280299|17
8005852280312|36
8005852280411|120
8005852280510|35
8005852432223|13
8005852519948|0
8005852529947|24
8005852539946|72
8005852549945|0
8005852570994|16
8005852613707|765
8005852613714|1465
8005852613721|1546
8005852615213|363
8005852615220|20
8005852615237|134
8005852615244|0
8005852615251|12
8005852615268|24
8005852615305|0
8005852615442|8
8005852615459|0
8005852615466|24
8005852615602|0
8005852615619|0
8005852615633|4
8005852615640|0
8005852615671|0
8005852655219|0
8005852692740|0
8005852692764|0
8005852695208|6
8005852695222|27
8005852695239|0
8005852695246|13
8005852695307|0
8005852695437|5
8005852695451|0
8005852700247|3
8005852711250|6160
8005852711267|276
8005852712523|1082
8005852712530|546
8005852712547|1487
8005852712554|2594
8005852712561|647
8005852712622|534
8005852712639|551
8005852750013|640
8005852750020|819
8005852750037|432
8005852750044|0
8005852750051|22
8005852750068|497
8005852750075|488
8005852750082|0
8005852750099|167
8005852750105|0
8005852750112|10
8005852750129|220
8005852750143|2
8005852750150|113
8005852750501|11
8005852750518|1081
8005852750525|41
8005852750549|8
8005852753007|71
8005852753014|4158
8005852753021|2225
8005852753038|49
8005852753045|45
8005852753052|567
8005852757012|0
8005852757029|19
8005852757036|5
8005852757043|0
8005852757050|31
8005852757067|89
8005852757074|11
8005852757104|7
8005852757159|0
8005852757500|103
8005852757517|74
8005852757524|145
8005852830142|6
8005852831149|9
8005852831248|6
8005852831347|13
8005852831446|12
8005852835048|9
8005852900142|3
8005852911056|0
8005852911124|3
8005852911155|0
8005852911223|0
8005852911322|81
8005852911421|236
8005852912053|8
8005852913159|13
8005852914125|144
8005852914323|82
8005852922502|66
8005852922519|77
8005852922526|26
8005852922533|65
8005852922540|77
8005852922557|122
8005852926153|0
8005852926166|3
8005852926258|0
8005852926500|0
8005852926517|0
8005852926524|0
8005852926708|0
8005852926807|5
8005852926814|3
8005852930156|12
8005852931047|8
8005852931146|0
8005852931245|48
8005852932044|0
8005852933041|10
8005852939036|72
8005852939142|37
8005852944306|0
8005852944405|0
8005852946621|0
8005852946676|0
8005852960016|183
8005852960023|121
8005852960030|258
8005852960405|301
8005852961105|8
8005852961112|1
8005852961136|12
8005852961143|23
8005852961150|5
8005852961174|39
8005852961204|0
8005852961600|46
8005852963062|73
8005852963109|42
8005852963123|33
8005852963147|66
8005852971005|83
8005852971012|68
8005852971050|308
8005852971104|32
8005852971128|39
8005852971135|0
8005852972514|0
8005852979995|0
8005856750330|764
8005856750347|553
8009722000376|0
8009722001946|0
8018189510007|45
8018189510014|103
8018189510021|112
8018189510038|120
8018189510045|113
8018189510052|120
8018189510069|117
8018189510076|58
8018189510083|116
8018189510090|55
8018189510113|30
8018189510120|10
8018189510137|0
8018189510151|36
8018189510243|47
8018189510274|47
8018189510281|31
8018189510298|0
8018189510304|11
8018189510311|0
8018189510328|8
8018189510342|71
8018189510359|12
8018189510366|5
8018189510373|0
8018189510380|0
8018189510397|23
8018189510403|34
8018189510410|0
8018189510427|56
8018189510434|7
8018189510496|4
8018189510502|119
8018189510519|11
8018189510526|0
8018189510533|0
8018189510540|4
8018189510557|2
8018189510564|7
8018189510588|17
8018189510717|23
8018189510977|98
8018189510984|31
8018189510991|30
8018189511004|45
8018189511011|43
8018189511028|48
8018189511042|28
8018189950025|0
8018189950032|3
8018189950100|24
8018189950131|6
8018189950193|0
8020245011694|0
8020245011724|12
8020245011731|10
8020245011755|16
8020245011755|0
8020245011762|30
8020245011779|15
8020245011809|6
8020245011816|0
8020245011823|0
8020245011861|0
8020245011878|12
8020245011908|32
8020245011915|0
8020245011915|24
8020245011953|0
8020245013100|6
8020245013155|0
8020245014077|20
8020245030022|0
8020245031012|0
8020245100466|6
8020245100473|16
8020245100480|1
8020245100527|0
8020245100558|0
8020245100589|0
8020245100893|0
8020245100916|0
8020245101203|0
8020245102002|0
8020245102019|0
8020245104112|0
8020245104129|4
8020245104198|0
8020245104259|0
8020245105072|0
8020245202245|2
8020245202740|0
8020245203594|1
8020245203631|2
8020245203648|2
8020245203655|13
8020245203679|6
8020245203709|0
8020245203716|107
8020245707689|12
8020245707696|4
8020245707955|0
8020245707962|0
8020245708334|6
8020245709393|0
8020245711150|0
8020245712331|0
8020245712348|0
8020245712355|123
8020245712379|39
8020245712386|120
8020245712393|0
8020245712935|11
8020245712966|9
8020245712973|4
8020245712980|7
8020245713086|6
8020245713123|0
8020245713185|0
8020245713192|0
8020245713208|0
8020245713215|0
8020245713260|0
8020245713307|0
8020245713512|0
8020245713529|0
8020245713543|0
8020245713567|10
8020245713604|0
8020245713932|0
8021799013554|8
8021799019051|2
8021799216108|3
8021799236106|4
8021799319922|3
8021799331504|3
8021799347000|2
8021799347932|3
8021799400903|12
8021799401764|56
8021799401771|14
8021799401788|2
8021799401979|0
8021799401986|48
8021799401993|0
8021799402006|16
8021799402013|12
8021799402020|15
8021799402310|4
8021799402327|7
8021799402341|0
8021799402372|0
8021799402402|2
8021799402433|0
8021799402488|100
8021799402587|5
8021799402723|8
8021799402785|0
8021799402808|5
8021799402891|6
8021799402907|2
8021799403089|5
8021799403126|3
8021799403140|18
8021799403157|15
8021799403225|4
8021799403232|4
8021799403317|9
8021799403324|12
8021799403386|4
8021799403447|11
8021799403461|160
8021799403669|6
8021799403683|10
8021799403690|0
8021799403768|5
8021799403850|5
8021799403867|12
8021799403874|7
8021799403928|0
8021799403935|58
8021799403942|0
8021799404116|0
8021799404147|21
8021799404239|127
8021799404413|22
8021799404468|5
8021799404505|7
8021799404529|146
8021799404536|80
8021799404543|7
8021799404550|75
8021799404567|118
8021799404574|21
8021799404949|80
8021799404963|5
8021799405236|12
8021799405250|2
8021799405267|2
8021799405397|2
8021799405533|0
8021799405571|2
8021799405595|50
8021799405601|31
8021799405632|14
8021799405649|7
8021799405656|3
8021799405953|7
8021799405984|6
8021799406011|2
8021799406042|10
8021799406103|2
8021799406455|6
8021799406486|11
8021799406530|15
8021799406929|0
8021799406950|3
8021799406974|13
8021799407049|7
8021799407056|4
8021799407094|7
8021799407513|5
8021799407889|3
8021799407896|3
8021799407902|4
8021799407919|2
8021799407926|1
8021799407933|9
8021799407940|5
8021799407964|0
8021799407971|11
8021799407988|1
8021799407995|2
8021799408008|0
8021799408091|0
8021799408114|11
8021799408138|16
8021799408299|3
8021799408312|0
8021799408329|1
8021799409210|6
8021799409227|3
8021799409234|14
8021799410384|11
8021799410438|0
8021799410445|29
8021799410964|0
8021799410971|9
8021799410988|11
8021799411053|0
8021799411183|5
8021799411381|0
8021799411404|119
8021799412074|6
8021799412081|6
8021799412364|4
8021799412371|6
8021799412395|5
8021799412401|5
8021799412487|7
8021799412531|1
8021799412784|6
8021799412821|2
8021799413248|2
8021799413514|17
8021799413521|8
8021799413590|6
8021799413606|7
8021799413675|9
8021799413880|5
8021799414061|9
8021799414184|6
8021799414191|41
8021799414207|2
8021799414214|19
8021799414238|10
8021799414313|4
8021799414320|5
8021799414344|0
8021799414351|23
8021799414368|25
8021799414375|2
8021799414399|12
8021799414405|6
8021799414597|0
8021799414603|0
8021799414610|10
8021799414627|0
8021799414634|15
8021799414641|69
8021799414658|5
8021799414726|20
8021799415044|7
8021799415150|1
8021799415266|12
8021799415303|3
8021799415327|6
8021799415877|0
8021799415914|194
8021799415945|0
8021799415952|11
8021799416164|4
8021799416218|80
8021799416287|0
8021799416331|12
8021799416348|17
8021799416355|10
8021799416591|4
8021799416614|8
8021799416621|14
8021799416690|17
8021799416706|6
8021799416713|5
8021799416782|4
8021799417291|2
8021799417475|5
8021799417482|3
8021799417567|39
8021799417628|0
8021799417635|103
8021799417642|17
8021799417710|4
8021799417772|218
8021799417796|518
8021799417840|0
8021799417857|0
8021799417864|2
8021799417871|3
8021799417895|0
8021799417901|9
8021799417918|5
8021799417932|63
8021799417949|20
8021799417956|4
8021799417963|6
8021799417994|0
8021799418007|0
8021799418014|9
8021799418083|3
8021799418106|3
8021799418113|2
8021799418120|2
8021799418144|1
8021799418175|5
8021799418199|0
8021799418205|2
8021799418274|4
8021799418281|2
8021799418298|4
8021799418304|6
8021799418311|6
8021799418311|4
8021799418328|4
8021799418335|4
8021799418342|7
8021799418359|5
8021799418366|4
8021799418373|3
8021799418380|7
8021799418397|6
8021799418427|0
8021799418434|4
8021799418441|2
8021799418458|2
8021799418465|2
8021799418472|5
8021799418472|1
8021799418489|5
8021799418496|6
8021799418519|0
8021799418526|2
8021799418533|2
8021799418779|9
8021799418786|6
8021799419332|24
8021799419356|3
8021799419363|7
8021799419370|6
8021799419479|0
8021799419493|65
8021799419592|0
8021799419851|155
8021799419868|0
8021799419882|318
8021799420024|0
8021799420031|5
8021799420086|6
8021799420093|7
8021799420109|5
8021799420444|8
8021799420451|4
8021799420468|5
8021799420543|0
8021799420833|0
8021799420840|0
8021799420864|0
8021799420871|38
8021799420888|8
8021799420918|6
8021799420925|8
8021799420932|0
8021799420949|0
8021799420956|5
8021799421472|4
8021799421489|0
8021799421496|8
8021799450397|34
8021799450434|20
8021799450472|34
8021799450496|259
8021799450502|69
8021799450526|57
8021799450540|60
8021799450564|39
8021799450571|24
8021799450601|25
8021799450618|99
8021799450625|26
8021799450649|36
8021799450748|50
8021799451622|14
8021799451639|75
8021799451646|100
8021799452209|18
8021799452216|2
8021799452223|111
8021799452230|17
8021799452346|7
8021799452360|4
8021799452810|66
8021799452834|54
8021799453121|6
8021799453169|57
8021799453916|14
8021799455439|144
8021799456733|14
8021799458195|0
802179980297|0
8021799803964|0
8021799844967|573
8021799861001|20
8021799862008|8
8021799863005|0
8021799864002|2
8021799865009|0
8021799913106|50
8021799918965|111
8021799923105|111
8021799939960|551
8021799949969|10
8021799962968|8
8021799964108|23
8021799965105|7
8033837551232|6
8033837551249|5
8033837551256|5
8033837551263|1
8033837551324|6
8033837551331|5
8033837551447|5
8033837551454|2
8033837551461|0
8033837551584|6
8033837551591|3
8033837551607|6
8033837551614|6
8033837551621|0
8033837551638|0
8033837551669|0
8033837551676|0
8033837551683|0
8033837551690|0
8033837551706|0
8033837551713|0
8033837551720|0
8033837551737|0
8033837551744|0
8033837551751|0
8033837551768|0
8033837551775|0
8033837551782|0
8033837551799|0
8033837552079|5
8033837552086|0
8033837552093|0
8033837552109|0
8033837552116|0
8033837552123|0
8033837552130|1
8033837552147|0
8033837552154|0
8033837552161|0
8033837552178|0
8033837552185|0
8033837552192|1
8033837552208|9
8033837552215|10
8033837552222|7
8033837552239|0
8033837552246|1
8033837552277|0
8033837552284|0
8033837552307|0
8033837552321|0
8033837552338|4
8033837552345|4
8033837552352|0
8033837553076|1
8033837553083|11
8033837553090|0
8033837553106|0
8033837553113|0
8033837553120|11
8033837553137|14
8033837553144|10
8033837553151|7
8033837553168|0
8033837553182|0
8033837553199|3
8033837553205|0
8033837553212|0
8033837553229|11
8033837553236|6
8033837553243|11
8033837553250|11
8033837553267|12
8033837553274|7
8033837553281|7
8033837553298|7
8033837553304|1
8033837553311|10
8033837553328|0
8033837553335|5
8033837553342|4
8033837553359|0
8033837553366|0
8033837553373|5
8033837553380|2
8033837553403|11
8033837553410|0
8033837553427|7
8033837553434|0
8033837553441|5
8033837553458|7
8033837554011|2
8033837554028|7
8033837554035|6
8033837554042|12
8033837554059|9
8033837554066|9
8033837554073|10
8033837554080|86
8033837554097|29
8033837554103|0
8033837554110|0
8033837554127|5
8033837554134|0
8033837554141|0
8051938210001|41
8051938211770|63
810833006311|13
8117940112150|2
8117940112464|2
8410100280103|14
8410100280202|22
8410100280400|0
8410100280509|0
8410100280608|18
8410100280707|15
8410100287010|0
8410100287201|0
8410100287317|0
8410100287508|0
8410100287614|5
8410100287805|0
8410100288000|0
8410100317489|0
8410100317588|0
8410100317687|0
8410216000725|243
8410216000749|3
8410216001081|2
8410216002088|4
8410216002200|10
8410216002217|1
8410216002224|0
8410216002231|0
8410216002248|0
8410216002460|0
8410216002484|7
8410357418625|0
8411193004591|0
8413037370015|6
8413037370022|6
8413037370046|5
8413037370053|13
8413037370060|14
8413037370077|2
8413037370084|0
8413037370107|4
8413037370114|4
8413037370121|4
8413037370138|5
8413037370145|7
8413037370169|7
8413037370176|2
8413037370190|6
8413037370206|2
8413037370220|0
8413037370237|0
8413037370244|6
8413037370251|2
8413037370268|4
8413037370275|3
8413037370282|6
8413037370299|5
8413037370312|2
8413037370329|7
8413037370336|2
8413037370343|9
8413037370350|2
8413037370374|6
8413037370381|2
8413037370398|3
8413037370404|6
8413037370411|4
8413037370428|4
8413037370435|4
8413037370442|1
8413037370459|3
8413037370466|6
8413037370473|0
8413037370480|5
8413037370497|4
8413037370503|6
8413037370510|2
8413037370527|6
8413037370534|2
8413037370541|0
8413037370558|5
8413037370565|4
8413037370572|4
8413037370589|6
8413037370602|1
8413037370619|2
8413037370626|4
8413037370633|1
8413037370640|0
8413037370657|1
8413037370664|15
8413037370671|3
8413037370688|0
8413037370695|0
8413037370701|4
8413037370718|0
8413037370725|1
8413037370749|4
8413037371517|0
8413037371531|5
8413037371548|12
8413037371555|6
8413037371562|4
8413037371630|0
8413037371647|0
8413037371654|0
8413037371661|0
8413037371678|0
8413037371685|4
8413037371692|0
8413037371708|2
8413037371715|0
8413037371722|0
8413037371739|0
8413037371746|0
8413037371753|5
8413037371760|5
8413037371777|0
8413037371784|6
8413037371807|5
8413037372606|27
8413037372644|1
8413037372651|11
8413037372668|5
8413037372675|0
8413037372682|0
8413037372699|0
8413037372705|6
8413037372712|7
8413037372729|0
8413037372736|4
8413037372743|0
8413037372927|0
8413037372941|0
8413037372965|0
8413037372989|0
8413037372996|0
8413037373009|0
8413037373030|0
8413037373061|0
8413037373078|0
8413037373085|0
8413037373092|0
8413037373108|0
8413037373115|0
8413037373146|0
8413037373153|0
8413037373160|0
8413037373177|0
8413037373184|0
8413037373191|0
8413037373207|0
8413037373429|0
8413037373436|1
8413037373511|6
8413037373528|0
8413037373535|0
8413224513836|5
8414042003486|3
8414042003578|1
8414042003592|0
8414042003615|0
8414042003769|0
8414042003790|2
8414042003837|14
8414042003851|0
8414042003868|5
8414042003882|2
8414042003912|4
8414042003936|0
8414042004810|0
8414042004834|0
8414042004896|0
8414042004902|15
8414042004919|7
8414042005053|12
8414042005831|4
8414042005848|0
8414042006005|14
8414042006012|18
8414042006043|0
8414042006050|0
8414042006067|10
8414042006074|4
8414042006548|3
8414042006562|0
8414042006715|21
8414042006937|47
8414042006944|5
8421617200072|0
8422320022555|0
8422320023262|0
8422320311208|0
8422320315732|2
8422320327704|0
8425402520956|0
8427711106289|0
8427711106302|0
8427711106326|0
8427934494989|0
8427934495085|90
8427934509768|0
8427934509867|13
8427934509874|0
8427934509973|101
8427934518630|102
8427934518654|10
8427934518678|80
8427934518715|0
8427934518791|26
8427934518982|113
8427934519002|0
8427934519026|0
8427934519293|107
8427934519330|0
8430274068246|1
8430274068284|0
8430274081481|2
8430274109536|9
8430274141451|9
8430274141468|0
8430336091007|54
8430336091083|13
8430336091298|113
8430336091304|60
8430336091557|129
8430336091564|126
8430336091809|145
8430336091823|0
8430336091830|10
8430336091847|92
8430336091854|214
8430336091861|107
8430336091977|44
8430336091984|25
8430336091991|7
8430336092004|56
8430336092011|130
8430336092028|198
8430336092059|107
8430336092066|60
8430336092073|44
8430336092080|46
8430336092097|96
8430336092103|108
8430336092158|66
8430336092165|87
8430336092172|30
8430336092189|52
8430336092240|170
8430830113304|1
8431166110128|0
8431166700022|5
8431166700039|12
8431794002703|0
8435201909142|1895
8435263822571|0
8435458400010|12
8435458400010|27
8435458400225|6
8435458400225|6
8435458400300|4
8435458400300|8
8435458400478|46
8435458400713|95
8435458400737|158
8435458400744|26
8435458400751|3
8435458400775|24
8435458401130|0
8435458401147|0
8435458401161|2
8435458401178|2
8435458401185|3
8435458401253|6
8435458401260|0
8435458401277|0
8435458401284|0
8435458401291|0
8435458401345|4
8435458401352|0
8435458401369|36
8435458401376|13
8435458401383|6
8435458401390|2
8435458401475|0
8435458401482|0
8435458401529|10
8435458401536|4
8435458401765|101
8435458401789|0
843545840179|7
8435458401796|18
8435458401819|9
8436003511007|0
8436005141868|12
8436017600544|0
8436018112350|3
8436018116365|0
8436018117263|0
8436018118079|15
8436018118086|0
8436018118093|27
8436019070802|0
8436020781025|26
8436020784026|4
8436020784378|0
8436020784651|0
8436020784712|8
8436020784828|3
8436020784835|6
8436020784910|0
8436020784972|3
8436020784989|0
8436020786426|0
8436020787003|3
8436020787027|7
8436020787034|5
8436020787058|4
8436020787096|3
8436020787270|19
8436020787539|0
8436020787553|4
8436020787645|0
8436020787676|3
8436020787744|0
8436020787805|3
8436020787812|4
8436020787935|3
8436020788093|3
8436020788109|4
8436020788208|3
8436020788260|1
8436020788307|0
8436020788451|46
8436020788529|3
8436020788673|0
8436020788918|0
8436020788925|0
8436020788932|2
8436022092631|0
8436025707150|0
8436025713298|0
8436025716251|6
8436025716275|5
8436025722061|1
8436025722085|0
8436025722092|0
8436025722108|0
8436025722115|2
8436025724980|0
8436025762814|0
8436025762845|0
8436025762852|0
8436025762869|0
8436025762876|0
8436025762883|0
8436025778143|5
8436025797427|0
8436025797441|0
8436025811857|0
8436025822235|6
8436025848327|0
8436025862156|0
8436025862163|0
8436025862187|0
8436025863863|0
8436025863887|0
8436025888194|0
8436025888224|0
8436025888255|0
8436025888286|0
8436025888316|0
8436025889436|4
8436025896007|0
8436025896014|0
8436025896106|5
8436025896113|0
8436025896120|3
8436025896137|3
8436027612476|6
8436027616061|0
8436029309596|0
8436047671194|0
8436532730818|2
8436532730900|0
8436538940457|0
8436538940471|32
8436538940488|26
8436538940518|44
8436538940525|0
8436538940778|87
8436538940792|31
8436538940822|24
8436538940839|70
8436538940969|27
8436538941867|0
8436538941874|0
8436538942222|0
8436538942246|5
8436538942253|15
8436538942260|5
8436538946619|1
8436538946626|15
8436538946633|6
8436538946640|9
8436538946657|7
8436538946664|1
8436538946671|26
8436538946688|2
8436538946695|11
8436538946701|5
8436538946718|19
8436538946725|10
8436538946732|20
8436538946749|0
8436538946756|1
8436538946763|3
8436538946770|7
8436538947609|4
8436538947616|17
8436538947630|17
8436538947647|13
8436538947661|12
8436538947678|24
8436538947692|8
8436538947708|149
8436538947722|16
8436538947913|54
8436538947920|7
8436538947937|16
8436538947944|8
8436538947951|12
8436538948378|0
8436538948385|0
8436538948392|0
8436538948408|0
8436538948415|0
8436538948422|0
8436538948439|0
8436538948446|0
8436538948484|200
8436538948491|0
8436538948514|0
8436538948521|0
8436538948545|0
8436538948552|85
8436538948569|0
8436538948576|0
8436538948583|0
8436538948590|0
8436538948606|0
8436538948613|0
8436538948620|0
8436538948637|0
8436538948644|88
8436538948651|164
8436538948668|0
8436538948675|40
8436538948736|15
8436538948743|12
8436538948750|11
8436538948767|2
8436538948774|40
8436538948781|0
8436538948958|12
8436538948965|0
8436538949085|21
8436538949092|16
8436538949108|0
8436538949115|7
8436538949153|5
8436538949160|4
8436538949177|4
8436538949184|2
8436538949191|8
8436538949207|0
8436538949214|70
8436538949221|0
8436538949269|0
8436538949276|0
8436538949535|0
8436538949542|0
8436538949559|4
8436538949566|5
8436538949573|4
8436538949580|1
8436538949597|0
8436538949603|3
8436538949610|11
8436538949627|10
8436538949658|2
8436538949665|7
8436538949894|0
8436538949900|0
8436538949917|0
8436538949924|0
8436538949931|0
8436538950067|0
8436538950074|9
8436538950081|2
8436538950098|0
8436538950258|3
8436538950418|25
8436538950609|6
8436538950616|27
8436538950623|0
8436538950630|3
8436538950647|32
8436538950654|0
8436538950661|2
8436538950678|10
8436538950692|0
8436538950708|5
8436538950715|37
8436538950739|0
8436538951064|1
8436545960417|4
8436545960424|0
8436545960448|0
8436545960462|0
8436545960691|0
8436545960738|4
8436545961247|0
8436545961483|3
8436545961728|0
8436545961735|0
8436545961971|0
8436545962091|5
8436545962763|0
8436545963944|4
8436545963944|0
8436565581012|0
8436565581548|0
8436565581579|0
8436565581739|0
8436565582682|0
8436565582699|0
8436565583153|0
8436565584037|0
8436565584051|0
8436568380148|0
8436568380162|0
8436568380179|0
8436568381800|0
8436588990006|0
8436588990082|7
8436588990099|12
8436588990105|0
8436588990136|2
8436588990150|0
8436588990174|0
8436600820014|0
8436600820021|0
8436600820038|0
8436600820045|0
8436600820052|30
8436600820069|15
8436600820076|120
8436600820083|218
8436600820090|0
8436600820106|15
8436600820113|85
8436600820120|60
8436600820489|0
8436600820496|2
8436600820502|0
8436600820519|0
8436600820649|5
8436600820656|0
8436600820670|2
8436600820687|7
8436600820694|2
8436600820700|4
8436600820717|0
8436600820724|24
8436600820731|0
8436600820748|21
8436600820755|4
8436600820762|7
8436600820779|0
8436600820786|199
8436600820816|0
8436600820915|0
8436600820922|0
8436600820939|0
8436600820946|7
8436600821059|9
8436600821066|1
8436600821073|0
8436600821080|0
8436600821097|0
8436600821110|27
8436600821134|0
8436600821219|1
8436600821233|1
8436600821257|1
8436600821271|1
8436600821295|0
8436600821318|2
8436600821332|1
8436600821530|75
8436600822322|100
8436600822322|4
8436600822339|12
8436600822384|12
8436600822582|40
8437002582029|0
8437002582449|0
8437002582616|0
8437002582647|6
8437002582739|21
8437002582883|21
8437002582937|15
8437002885045|0
8437002885052|23
8437002885120|14
8437002885137|0
8437002885144|0
8437002885151|102
8437002885168|166
8437002885175|5
8437002885205|0
8437002885212|122
8437002885229|9
8437002885236|35
8437002885243|9
8437002885250|0
8437002885281|11
8437002885311|8
8437002885328|8
8437002885342|1
8437002885359|15
8437002885403|14
8437002885410|1
8437002885519|0
8437002885533|22
8437002885540|40
8437002885571|275
8437002885588|12
8437002885595|5
8437002885601|32
8437002885618|6
8437002885625|10
8437002885632|53
8437002885649|32
8437002885656|10
8437002885663|4
8437002885670|0
8437002885687|8
8437002885694|0
8437002885700|4
8437002885717|0
8437002885724|30
8437002885731|59
8437002885748|15
8437002885779|0
8437002885809|7
8437002885816|3
8437002885823|54
8437002885830|6
8437002885847|7
8437002885854|55
8437002885908|5
8437002885915|0
8437002885946|6
8437002885960|3
8437002885977|26
8437010344084|2
8437010344589|30
8437010344749|6
8437011833020|3
8437011833365|6
8437014426083|2
8437015476322|35
8437015476650|48
8437015476667|18
8437015522012|10
8437016470350|27
8437016933008|0
8437016933015|9
8437016933039|16
8437016933107|2
8437016933114|11
8437016933121|16
8437016933138|6
8437016933268|6
8437016933497|3
8437016933671|0
8437016933749|8
8437016933756|10
8437016933770|0
8437016938614|0
8437017603429|15
8437017603436|20
8437018076093|0
8437018076505|0
8437018076512|0
8437018076529|0
8437022358031|0
8437022687292|331
8437022687308|933
8437022687315|79
8437026328009|173
8437026328054|16
8437026328597|207
8437026328689|46
8437026703066|7
8437026703073|7
8445484009569|10
8445484042269|0
8445484042306|0
8445484042320|0
8445484050738|0
8445484050790|0
8445484050851|62
8445484050899|88
8445484054019|62
8445484054057|37
8445484054279|26
8445484064612|62
8445484064636|56
8445484064650|33
8445484064735|35
8445484064759|35
8445484064773|5
8445484065190|25
8445484065213|23
8445484065237|22
8445484201598|6
8445484201635|0
8445484201659|0
8445484262698|54
8445484262711|66
8445484262735|37
8445484262766|20
8445484262889|4
8445484262902|2
8445484262926|0
8445484262964|16
8445484263046|0
8445484263060|10
8445484263084|35
8445484263107|39
8445484263121|30
8445484263220|0
8445484263244|0
8445484263268|0
8445484263282|0
8445484301656|52
8445484301717|111
8445484301731|4
8445484301755|4
8445484301977|0
8445484301991|0
8445484302059|56
8445484302073|73
8445484302097|109
8445484302158|0
8445484302219|10
8445484302257|71
8445484350456|0
8445484424553|0
8445484424577|0
8445484424591|0
8445484424614|31
8445484424898|0
8445484424980|10
8445484425000|0
8445484425024|0
8445484425048|1
8445484425406|49
8445484425420|50
8445484425468|33
8445484425789|29
8445484425826|0
8445484425864|0
8445484426120|66
8445484426441|0
8445484426465|104
8445484426489|58
8445484426502|102
8445484426540|100
8445484426588|0
8445484426649|0
8445484426663|7
8445484426700|68
8445484426724|90
8445484429060|46
8445484429107|12
8445484429121|59
8445484429145|0
8445484429169|53
8445484429343|81
8445484429381|0
8445484434378|3
8445484434415|77
8445484455311|50
8445484455328|59
8445484455359|61
8445484542967|52
8445484542981|42
8445484543001|50
8445484543025|46
8445484543049|40
8445484543056|34
8445484543063|39
8445484543070|27
8445484543087|30
8445484543100|63
8445484543124|44
8445484543162|68
8445484543209|30
8445484543223|66
8445484543261|72
8445484543308|98
8445484543407|85
8445484550368|52
8445484550382|52
8445484566093|70
8445484566109|111
8445484566116|140
8445484566123|111
8445484566130|52
8445484566147|138
8445484566154|111,9994
8445484566161|76
8445484566178|92
8445484566185|132
8445484566192|130
8445484566208|92
8445484568318|32
8445484568325|0
8445484568332|417
8445484568349|12
8470004179071|1
84751|0
84757|2
84780|8
8478851549542|20
847922030865|1
847922030889|52
847922030896|41
847922030902|34
84792203091|39
847922030926|24
847922030933|60
847922033200|55
847922033224|31
847922041830|32
847922041854|1
847922080846|6
8479851679543|23
8479851769541|21
84951|0
84957|0
84980|4
85051|0
85057|0
85080|4
85100|0
85568|4
85584|4
85588|4
86404753|0
86470055|0
86470063|0
86470071|0
86470098|0
86598558|0
86598566|0
8681900005023|571
8681900005047|151
8681900005061|112
8681900005078|257
8681900005146|0
8681900005214|410
8681900005252|0
8681900005269|246
8681900005375|156
8681900005382|35
8681900005474|61
8683979422015|363
8683979422022|773
8683979422039|488
86849305|0
8710255100357|4
8710255100371|0
8710255100425|0
8710255100463|40
8710255119595|154
8710255119717|387
8710255119786|353
8710255119854|0
8710255119946|0
8710255119953|0
8710255120041|0
8710255120072|0
8710255120232|150
8710255120294|0
8710255120348|202
8710255120393|1719
8710255120454|31
8710255120560|31
8710255120591|96
8710255120645|0
8710255120676|12
8710255120904|230
8710255120911|0
8710255120928|0
8710255120942|0
8710255120959|0
8710255120966|0
8710255120980|11
8710255121000|0
8710255121062|0
8710255121093|20
8710255121161|0
8710255121192|19
8710255121215|0
8710255121246|0
8710255121345|64
8710255121390|0
8710255121420|0
8710255121529|226
8710255121574|196
8710255121628|43
8710255121673|119
8710255121741|0
8710255121789|0
8710255121819|169
8710255121864 |0
8710255121901|82
8710255121956|29
8710255122090|37
8710255122359|0
8710255122373|1
8710255122410|0
8710255122434|0
8710255122465|0
8710255122595|0
8710255123004|24
8710255123189|40
8710255123240|21
8710255123301|22
8710255123554|0
8710255123592|13
8710255123615|100
8710255123721|0
8710255125954|370
8710255126029|29
8710255127002|9
8710255127040|9
8710255127200|0
8710255127354|0
8710255127545|59
8710255127736|340
8710255127859|24
8710255128030|0
8710255128061|10
8710255128092|50
8710255128122|44
8710255128146|73
8710255128207|0
8710255128290|80
8710255128412|30
8710255128481|708
8710255128733|88
8710255128856|6
8710255129082|68
8710255129754|290
8710255129846 |0
8710255129884|5
8710255129938|3360
8710255129952|237
8710255130729|217
8710255134901|1
8710255134963|27
8710255135083|32
8710255135144|51
8710255145839|0
8710255145884|0
8710255145914|0
8710255145921|0
8710255145952|50
8710255145976|416
8710255145990|261
8710255146034|0
8710255146041|0
8710255146058|0
8710255146072|0
8710255146126|957
8710255150055|15
8710255150079|40
8710255150109|10
8710255150130|10
8710255150536|120
8710255150543|105
8710255150550|298
8710255151717|32
8710255151762|0
8710255153902|0
8710255153919|45
8710255154282|128
8710255154299|950
8710255155654|0
8710255161792|22
8710255163659|0
8710255167190|29
8710255168746|0
8710255168777|0
8710255168838|30
8710255168852|0
8710255168883|32
8710255168937|0
8710255172019|14
8710255172026|74
8710255172118|37
8710255172149|203
8710255172262|152
8710255172286|51
8710255174730|13
8710255174747|0
8710255174754|115
8710255174761|2252
8710255184197|199
8710255184708|2907
8710255184746|245
8710255184753|28
8710255184760|0
8710255184777|0
8710255184784|0
8710255184791|0
8710255184807|0
8710255184890|95
8710255185088|0
8710255185132|13
8710255185255|122
8710255185286|24
8710255187686|18
8710255187693|7
8710255187709|0
8710255187808|3353
8710255187822|83
8710255187839|375
8710255187914|0
8710255187921|0
8710255187938|0
8710255187945|0
8710255187952|0
8710255187969|0
8710255187976|0
8710255187983|0
8710255187990|0
8710255188003|0
8710255188362|0
8710255188775|0
8710255188959|0
8710255188980|0
8710255189000|0
8710255189031|0
8710255189161|0
8710255189178|30
8710255189260|39
8710255189277|10
8710255189291|36
8710255189307|5
8710255189321|285
8710255189338|0
8710255189598|0
8710255189604|0
8710255189611|0
8710255189628|0
8710255189635|0
8710255189642|0
8710255189659|0
8710255189666|0
8710255189673|0
8710255190945|3
8710255190952|0
8710255192055|34
8710255192062|20
8710255193663|0
8710255196077|6
8710255196091|65
8710255196107|30
8710255196152|3
8710255196169|23
8710255196190|3
8710255196350|14
8710255196411|18
8710255196466|7
8710255196541|63
8710255199689|23
8710255199702|21
8710255201610|378
8710255201627|229
8710255201641|24
8710255201658|382
8710255201665|2770
8710255201689|241
8710255201702|253
8710255201719|21
8710255201726|18
8710255201764|2124
8710255201795|6
8710255201801|6
8710255201818|40
8710255201825|9
8710255201832|66
8710255201849|982
8710255201863|76
8710255201894|49
8710255201900|266
8710255201948|1904
8710255201955|1243
8710255201962|8
8710255201979|65
8710255201986|6
8710255201993|61
8710255202006|20
8710255202013|249
8710255202020|887
8710255202037|24
8710255202044|28
8710255202075|128
8710255202082|123
8710255202105|214
8710255202112|846
8710255202129|24
8710255202136|24
8710255202143|34
8710255202150|68
8710255202174|193
8710255202181|18
8710255202198|111
8710255202211|115
8710255202228|36
8710255202235|28
8710255202242|72
8710255205021|176
8710255205038|140
8710255205045|114
8710255205052|132
8710255205069|211
8710255205076|648
8710255205083|15
8710255205090|40
8710255206172|37
8710255206189|123
8710255206196|47
8710255206202|39
8710255206219|164
8710255206226|334
8710255206233|355
8710255206240|304
8710255206257|46
8710255206264|59
8710255206271|169
8710255206288|49
8710255206639|98
8710255206646|21
8710255206653|23
8710255206660|446
8710255206677|18
8710255206684|249
8710255206691|52
8710255206707|23
8710255206714|10
8710255206721|268
8710255206738|35
8710255206745|29
8710255206769|33
8710255206783|34
8710255206790|19
8710255206806|33
8710255206813|25
8710255206820|8
8710255206837|16
8710255206844|18
8710255208954|13
8710255210018|78
8710255210148|12
8711642012246|0
8711642016220|0
8713184000484|31
8713184000651|40
8713184009425|6
8713184013903|0
8713184025876|0
8713184040961|0
8713184048585|8
8713184097767|0
8713184098429|0
8713184098443|3
8713184098566|0
8713184103260|0
8713184103277|0
8713184119087|0
8713184119100|0
8713184124548|0
8713184126108|0
8713184131164|20
8713184131171|3
8713184131188|0
8713184131195|25
8713184131225|15
8713184151889|0
8713184151902|0
8713184151926|18
8713184151933|10
8713184151940|2
8713184156266|0
8713184177001|0
8713184198839|0
8713184213358|2
8713942401263|0
8714225155835|0
8714225156078|6
8714225156528|4
8714225156535|6
8714225156542|6
8714225156603|3
8714225156610|5
8714225157099|10
8714225157105|70
8714225157112|36
8714225157129|15
8714225165254|8
8714225165261|6
8714225165902|10
8717973561521|6
8717973561712|12
8717973561743|22
8717973561750|18
8717973561767|30
8717973562016|12
8717973562047|6
8717973562184|9
8717973562191|6
8717973562610|14
8717973562641|10
8717973562658|2
8717973568810|34
8718469441174|0
8718469441563|6
8718469441822|0
8718469441860|5
8718469441877|0
8718469441884|0
8718469441990|0
8718469443222|9,0006
8718469443321|3
8718469443352|9
8718469443383|12
8718469443437|0
8718469443444|8
8718469443468|159
8718469443475|18
8718469443673|7
8718469443864|0
8718469444588|63
8718469444694|11
8718469444892|2
8718469444908|2
8718469445905|12
8718469445950|6
8718469445967|12
8718469446537|12
8718469447077|0
8718469448142|0
8718469449194|0
8718469449330|53
8718469449347|40
8719874711685|0
87700|4
8886467581045|2
8886467581069|2
8904255201009|8
8904255203171|0
8904255203515|12
8904255204079|19
8904255204222|12
8904255204843|0
8904255205595|2
8904255207490|5
8904255208626|5
8904255209350|5
8904255210332|3
8904255210926|3
8904255210964|5
8904255210971|5
8904255211626|3
8904255211978|4
8904255222011|21
8904255222158|3
8904255230507|3
8904255230863|1
8904255231877|11
8904255232539|5
8904255232607|27
8904255244709|25
8904255244716|0
8904255244723|22
8904255244730|0
8904255244747|0
8904255244754|3
8904255244778|12
8904255244785|16
8904255244792|14
8904255244808|8
8904255244815|16
8904255244822|17
8904255244846|11
8904255245386|5
8904255259010|10
8904255259027|30
8906025520436|0
8906070901331|2
8906070902864|3
8906070902871|12
8906070904318|10
8906070904417|28
8906070904431|12
8906070904448|5
8906070904554|69
8906070904578|4
8906070904615|7
8906070904653|0
8906070904714|6
8906070905353|5
8906070905902|22
8906070907166|10
8906070908095|18
8906070908125|2
8906070908231|11
8906070909354|0
9010854001604|0
9010854001673|0
9010854001826|0
9010854002526|0
9010854002540|0
90198622|0
91696|0
9338094029661|0
9417027227142|0
9983000000028|0
9ACCO2211657|0
9ACPA2211648|0
A0041|0
A3238|0
A3239|0
a3339|0
a3347|0
A3349|0
A3384|0
a3427|83
A3476|0
a3477|0
A3612|0
a3635|0
a3636|0
A3647|0
A3666|0
A3684|0
A3687|0
A3706|67
A3707|0
A3708|0
A3735|0
A3758|0
A3779|0
A3780|0
A3783|0
A3792|0
A3797|1
A3800|502
A3801|500
A3802|50000
A3817|0
A3826|0
A3828|0
A3831|0
A3835|0
A3838|0
A3839|0
A3840|0
A3842|0
A3845|1646
A3847|0
A3848|0
A3849|0
A3850|0
A3851|0
A3852|0
A3853|0
A3854|0
A3855|0
A3856|0
A3857|0
A3858|0
A3859|0
A3860|0
A3861|0
A3862|0
A3863|0
A3864|0
A3865|0
A3866|0
A3867|0
A3868|0
A3869|0
A3870|0
A3871|0
A3872|0
A3873|0
A3874|0
A3877|9
A3878|0
A3879|0
A3880|0
A3881|0
A3884|270
A3886|0
A3889|51
A3890|0
A38901|0
A38902|0
A3897|80
A38981|0
A3903|0
A3904|0
A3912|0
A3928|0
A3929|0
A3930|0
A3932|3
A39371|0
A3938|0
A3942|0
A3942BB|0
A3944|0
A3945|0
A3948|29
A3950|0
A3951|0
A3952|0
A3953|0
A3954|0
A3956|0
A3972|0
A3974|0
A3975|0
A3976|0
A3977|0
A3978|0
A3979|0
A3980|0
A3981|0
A3981|0
A3983|0
A3984|0
A3985|0
A3986|58
A3987|0
A3988|0
A3989|0
A3992|0
A3994|0
A3995|0
A3996|75
A3998|104
A3999|760
A4000|0
A4001|1500
A4002|0
A4003|0
A4004|0
A4005|0
A4006|0
A4007|65
A4008|1860
A4009|0
A4010|0
A4011|0
A4012|0
A4013|300
A4014|0
A4016|0
A4017|0
A4018|91
A4019|0
A4020|0
A4023|18
A4024|12
A4028|0
A4029|0
A4030|0
A4031|0
A4040|0
A4041|0
A4048|0
A4049|0
A4051|0
A4052|0
A4055|246
A4056|8
A4058|0
A4059|0
A4062|0
A4063|0
A4067|5
A4068|34
A4069|33
A4070|8
A4071|0
A4072|0
A4073|0
A4074|0
A4075|0
A4076|0
A4077|13
A4078|0
A4079|1
A4080|0
A4083|0
A4084|13
A4085|0
A4087|1576
A4088|25
A4089|1310
A4091|0
A4096|0
A4098|0
A4099|0
A4100|30
A4101|0
A4102|0
A4103|258
A4104|11
A4105|10
A4107|65
A4108|0
A4109|0
A4110|0
A4112|6
A4113|0
A4114|0
A4115|0
A4116|0
A4117|0
A4118|0
A4119|1
A4120|1
A4121|0
A4122|400
A4123|0
A4124|0
A4125|0
A4126|200
A4128|3
A4129|1
A4131|0
A4132|0
A4133|0
A4134|40
A4135|0
A4136|0
A4137|0
A4138|145
A4140|0
A4141|0
A4142|4
A4143|6
A4144|0
A4145|0
A4146|0
A4147|0
A4148|0
A4149|0
A4150|0
A4151|0
A4152|0
A4153|0
A4154|0
A4155|0
A4200|108
A4201|143
A4203|0
A4204|0
A900162|0
ACD03122|0
ANLKMINT2100306|0
ANLKMSP2200381|0
BCV004|4
BCVG001|9
BCVRTU002|15
BCVRTU003|2
BCVRTU004|3
BCVRTU005|15
BO 558|0
BO 559|0
CV-50W2107050412|0
CV-50W2107050436|0
CV-50W2107050442|0
CV-50W2107050446|0
CV-50W2107050447|0
CV-50W2107050452|0
CV-50W2107050464|0
CV-50W2107050470|0
CV-50W2107050474|0
CV-50W2107050477|0
CV-50W2107050480|0
CV-50W2107050485|0
CV-50W2107050486|0
CV-50W2107050488|0
CV-50W2107050491|0
CV-50W2107050493|0
CV-50W2107050502|0
CV-50W2107050562|0
CV-50W2107050575|0
CV-50W2107050588|0
CV-50W2111010057|0
CV-50W2111010063|0
CV-50W2111010114|0
CV-50W2111010115|0
CV-50W2111010164|0
CV-50W2111010165|0
CV-50W2111010193|0
CV-50W2111010194|0
CV-50W2111010199|0
CV-50W2111010200|0
CV-50W2111010201|0
CV-50W2111010203|0
CV-50W2111010206|0
CV-50W2111010213|0
CV-50W2111010227|0
CV-50W2111010235|0
CV-50W2111010245|0
CV-50W2111010249|0
CV-50W2111010259|0
CV-50W2111010273|0
CV-50W2111010277|0
CV-50W2111010279|0
CV-50W2111010305|0
CV-50W2111010319|0
CV-50W2111010354|0
CV-50W2111010368|0
CV-50W2111010374|0
CV-50W2111010387|0
CV-50W2111010388|0
CV-50W2111010390|0
CV-50W2111010391|0
CV-50W2111010403|0
CV-50W2111010406|0
CV-50W2111010407|0
CV-50W2111010414|0
CV-50W2111010423|0
CV-50W2111010424|0
CV-50W2111010425|0
CV-50W2111010528|0
CV-50W2111010529|0
CV-50W2111010534|0
CV-50W2111010538|0
ELAN-ES-OTC-0036|0
ELAN-ES-OTC-0060|21
ELAN-ES-OTC-0062|8
ELAN-ES-OTC-061|0
EXPPIPER|0
GT010210|0
GTGMCH 001|19
HV1001|0
I03724R|1
I84600|0
I84651|2
I84770|2
I84786|2
I84794|2
I84899|0
I84970|4
I84986|4
I84994|4
I92253|0
K2514010|1
KITRP|0
LIBR2088|0
LKMINT2100369|0
MA5310|0
MAXI 4645050|0
MAXI SE506402|150
MCH STO001|2000
N 074397|0
OT1000095|1
P1110411|0
P1110413|0
P11122520|0
P1121545|0
P1131310|0
P1131545|0
P11321221|13
P1133310|0
P11341220|0
P11421220|0
P1142310|0
P11521220|0
P12312520|0
P1231545|0
P1310411|0
P1310413|0
P1320413|0
P1321547|0
P1331547|0
P2112320|0
P2121220|0
P2122313|0
P2152320|0
P2181220|0
P2182320|0
P4131310|0
P41321214|28
P4133310|0
P41341213|0
P441220|0
P5111220|0
PA83480|4
PA83483|1
PA83486|1
PA8402|1
PL842|4
RU 1311-14M|0
SCHG244|0
SERESTOA3939|9
SS 02SE23251|0
TAPAG|100
TAPAP|826
VIMK348|170
VIMK352|0
W000 013MP|0
W000 014MP|1
W000 015MP|12
W000 016MP|100
W000 017MP|201
